Id,SalePricePredicted
1461,117776.05736278405
1462,155275.2778596197
1463,178928.77891959704
1464,204278.36751793616
1465,218548.87571664073
1466,198715.99752583273
1467,177895.3390660166
1468,188464.05402793002
1469,205394.3292210676
1470,102839.72893162852
1471,206146.06704704964
1472,133355.64059463714
1473,109821.2483921136
1474,174132.8510667003
1475,150068.3073551742
1476,332624.62924005615
1477,255945.7049948593
1478,282402.64025572164
1479,274689.89618568344
1480,352541.7641791847
1481,295378.5938564198
1482,234984.47688328347
1483,188832.22597901977
1484,197713.13711156778
1485,210380.9895887355
1486,227903.61534353218
1487,297121.4761778101
1488,262663.2815915396
1489,202076.44670115586
1490,201836.7817440381
1491,227713.89497085486
1492,95184.69602648227
1493,188718.30308350676
1494,289650.4855126656
1495,273987.4988713559
1496,218206.76307217812
1497,219458.2887177138
1498,193551.34763194236
1499,192991.36158975202
1500,175291.8826902163
1501,192758.0344781963
1502,185210.70330304152
1503,270262.74749867676
1504,250768.78724871238
1505,207596.50731725234
1506,191523.30602904002
1507,241172.20057268545
1508,210879.71922862495
1509,178718.9087722021
1510,136724.33504725306
1511,135599.5559568546
1512,160089.1308756423
1513,195472.07042671845
1514,120764.21069087822
1515,218890.91726062505
1516,180799.33717075677
1517,166603.68194309727
1518,147516.9192311623
1519,212171.24155975145
1520,112925.83689665713
1521,118924.9727698873
1522,174813.4053785525
1523,99954.71159613167
1524,126011.23021909164
1525,106269.26149698731
1526,117263.20150058635
1527,96540.11544151802
1528,148272.2315109138
1529,134934.9747392136
1530,193411.75994282833
1531,109705.12322881946
1532,84217.33214327239
1533,146018.8364051549
1534,138489.63532133226
1535,153045.94713161897
1536,103930.12368630001
1537,19348.199554853956
1538,197119.79237138468
1539,247473.2702942941
1540,133574.06222413701
1541,173104.52312451077
1542,141354.0906938283
1543,206494.16939718428
1544,67048.33745284996
1545,140384.33209840173
1546,142804.23225313437
1547,128383.44995361532
1548,152287.18218944722
1549,127044.42944171943
1550,122448.9948126137
1551,116667.84067477856
1552,128085.33011638897
1553,144740.55288422166
1554,137054.9512491607
1555,154042.0217394604
1556,84242.17767328315
1557,84922.39528246399
1558,102848.16060829058
1559,59174.575239736005
1560,158137.82226074685
1561,105390.27821710485
1562,108466.3431744409
1563,104890.83440418926
1564,144159.53386809758
1565,140026.13698114932
1566,235039.77840597613
1567,66840.58709196083
1568,204725.03193454735
1569,82903.77568511607
1570,136789.5072729272
1571,120086.78091234516
1572,119589.05319998611
1573,240275.89500166115
1574,122415.42741010932
1575,218810.17209488607
1576,250827.9342137206
1577,205543.00474671333
1578,158207.13190151693
1579,139701.64104418678
1580,222515.7079500932
1581,132849.30024452799
1582,116351.98168503062
1583,277528.8979563579
1584,237349.69199480664
1585,163412.40043318702
1586,48407.63011321949
1587,105110.76309305278
1588,125147.239933723
1589,109004.76617772493
1590,136764.23010432452
1591,59784.913051390206
1592,114979.83752686728
1593,129595.5700787761
1594,149938.51851093315
1595,99732.00780094985
1596,202176.6055909408
1597,183195.75750190194
1598,227166.2934578684
1599,213725.53844395292
1600,207451.97127442376
1601,22100.31493557
1602,118945.96742296417
1603,56295.887088238145
1604,242100.2035119097
1605,271133.3694293633
1606,173805.19046079286
1607,193277.58557972626
1608,216018.7639670499
1609,205616.84088114288
1610,167750.09290757438
1611,154269.39762638335
1612,166396.47116775007
1613,160282.70190425834
1614,114271.7867889899
1615,80398.22384884406
1616,62186.89245551068
1617,89297.48751101654
1618,106928.46609622065
1619,142057.12346061354
1620,193059.40149634017
1621,147980.47352637595
1622,116842.2797652554
1623,241607.80029509554
1624,205683.72298498347
1625,129805.93384325632
1626,164077.10585703736
1627,198008.5602208326
1628,290658.1016128053
1629,217571.54691025394
1630,322218.9498843524
1631,235299.036878463
1632,252710.44587912888
1633,204276.5703214294
1634,197935.1932195638
1635,189894.68864596577
1636,165577.0070916965
1637,191975.820956807
1638,232780.0572290396
1639,197314.05720610067
1640,279516.3109372918
1641,193411.59329800296
1642,233729.64082651318
1643,252424.28056145704
1644,250443.72430978634
1645,177410.1349260992
1646,158478.201536856
1647,175439.39627903502
1648,146605.55417061562
1649,125985.9213307054
1650,97343.22387068707
1651,105657.32818989793
1652,134332.26921204815
1653,140032.34906470135
1654,176998.83290065348
1655,170739.21288740484
1656,168978.66978044424
1657,178022.19656778534
1658,169479.5024060394
1659,153451.85252803576
1660,140289.00602484017
1661,346488.9466506046
1662,347401.3103478354
1663,303812.29937769414
1664,379443.2079385527
1665,286187.96674357157
1666,271061.2678157269
1667,306117.17303516564
1668,288637.9562639744
1669,281837.44696636766
1670,292108.46725632215
1671,234862.44964997668
1672,338766.1208974143
1673,301123.6304031097
1674,252454.12525145046
1675,192908.0274819046
1676,197783.86226794065
1677,217064.8396723274
1678,368050.57519723
1679,297264.8758194916
1680,287248.12617263466
1681,260892.34242836188
1682,268858.0709851532
1683,212224.15893190203
1684,216834.54556512425
1685,193807.60758137668
1686,198649.35458475153
1687,204112.4896000895
1688,221250.46458815027
1689,220884.84414573817
1690,216192.7212888993
1691,203701.50330852706
1692,271363.7382726363
1693,207404.9683868721
1694,192396.21148493735
1695,206655.82096907368
1696,270481.42770009337
1697,212926.0014674439
1698,315966.440487516
1699,277471.99937525706
1700,242345.4842379234
1701,277150.7536068364
1702,262536.73302818055
1703,259440.21381929854
1704,261519.18636474188
1705,230295.29337860236
1706,347427.6886199181
1707,207172.3711152902
1708,208721.6166229978
1709,273642.04170840036
1710,239356.11680522293
1711,270028.09940869187
1712,257622.52461406274
1713,241754.3369479539
1714,212346.17853928485
1715,217816.82803960738
1716,200984.0947248455
1717,187946.90138010692
1718,137073.33008397522
1719,235783.35715347494
1720,245461.74314368574
1721,190006.10905508522
1722,121794.67223911698
1723,148318.3123766667
1724,233534.4379013806
1725,238618.31882353814
1726,202343.79577476566
1727,180414.16871950834
1728,207285.71153313888
1729,188017.59615083144
1730,206275.22861212085
1731,114790.62845861784
1732,112511.16461008496
1733,105555.43610299018
1734,104519.40835584293
1735,117420.17450174957
1736,104020.12246191513
1737,296459.7686294407
1738,243052.16037054162
1739,317652.7317121256
1740,213210.86406255595
1741,194905.0740367818
1742,189730.9440094711
1743,200208.17265296413
1744,264423.59314537176
1745,230720.9776151803
1746,258032.27630646888
1747,240882.94790137338
1748,233639.6409893924
1749,142210.94664121314
1750,138068.10080544127
1751,253147.2093535323
1752,115043.87877071055
1753,160343.84284283326
1754,222249.96030467784
1755,165287.46042024915
1756,113288.44329744286
1757,105641.99242158828
1758,133402.2131278111
1759,173977.59829306218
1760,145105.4225147484
1761,140086.14134283352
1762,186714.96025930962
1763,173471.49923660315
1764,110937.00500791322
1765,194718.36535271688
1766,174836.72779893747
1767,209383.09463454585
1768,124490.00489102153
1769,185661.42549768987
1770,143557.04952795838
1771,115572.62906001194
1772,125846.32245017157
1773,96489.8713065217
1774,158007.20883286803
1775,138423.44020719745
1776,134592.88787004433
1777,98140.48590236495
1778,130494.64306193835
1779,130795.71390564262
1780,200147.6447105728
1781,119420.93079622171
1782,52651.939249632065
1783,132224.68775211263
1784,86320.44532798312
1785,104236.93573237199
1786,164302.60016202566
1787,182240.78856813547
1788,-1841.1193376529263
1789,108595.47457526566
1790,32403.030832319404
1791,231507.55959679617
1792,163512.77648903185
1793,141470.6285364941
1794,172298.1083120493
1795,135169.97425668954
1796,149171.18458084657
1797,139008.40852312522
1798,111943.25759844354
1799,103031.72568547667
1800,115275.66644010658
1801,108873.04468753526
1802,175094.273938476
1803,182282.6795686708
1804,143161.02254966355
1805,135453.22852977656
1806,148452.83730221505
1807,176221.1536644121
1808,135029.64605567895
1809,115180.3287015016
1810,147199.9289464649
1811,90147.48795649514
1812,92751.90767368244
1813,127861.8610022628
1814,83171.68514600827
1815,19465.555091515533
1816,100394.01397490047
1817,100117.52914657874
1818,172470.1805126915
1819,124651.08314526698
1820,26076.798829253414
1821,135951.41726454708
1822,164414.41429118614
1823,3204.2096224486595
1824,135360.8042094853
1825,139561.27143122058
1826,91468.48843484314
1827,98928.40576479735
1828,130900.55938375497
1829,154504.7584463054
1830,172827.0963105132
1831,203831.9805718552
1832,111317.06819789868
1833,153290.75462711917
1834,139884.49687560915
1835,122468.09917117364
1836,142608.47330985253
1837,68003.07771858422
1838,140645.2450970352
1839,86030.73500499723
1840,112299.26042667904
1841,134145.20448723144
1842,72222.63058909227
1843,118566.77564326057
1844,144723.66791423562
1845,149336.6245424532
1846,151284.75014317723
1847,167049.35245343565
1848,-6895.126467975439
1849,133908.44629271596
1850,114822.32649327151
1851,166840.22998236085
1852,106698.13166317658
1853,122607.01018235355
1854,203218.89214462775
1855,187436.12001687463
1856,234361.0084757259
1857,156732.05651463626
1858,167212.12072892615
1859,150806.68654397468
1860,151473.70421170292
1861,149482.14994839428
1862,283136.9107454872
1863,279868.7954828687
1864,279899.67399786285
1865,308464.1700033565
1866,285241.47463364725
1867,242383.24400490278
1868,255166.1634062234
1869,207644.6456068399
1870,240016.84731879027
1871,247812.92732868285
1872,188823.8899209561
1873,227780.05054231512
1874,128233.98569104879
1875,204705.96651316585
1876,203914.9461270118
1877,205215.4448958038
1878,207953.3540609168
1879,108516.30574019358
1880,140302.38927483337
1881,229737.68301790685
1882,265188.9549139211
1883,220355.37131835904
1884,230623.67280311522
1885,241870.12067666592
1886,253261.6966107398
1887,202541.75582689152
1888,253801.6736450832
1889,184722.3559431889
1890,101665.00912205328
1891,167875.12400413456
1892,69016.48076059518
1893,121890.82179462037
1894,104978.84203989233
1895,151856.44270247628
1896,116532.32085859298
1897,102543.03691228933
1898,128703.56159037759
1899,146763.66723727796
1900,152891.57843834523
1901,162570.902478726
1902,126409.37277230981
1903,236971.67160786956
1904,124615.55581157503
1905,179519.91901242768
1906,148888.19804841734
1907,194501.4015268077
1908,157244.38563288853
1909,168818.33932745166
1910,168921.82408040494
1911,217610.89186287683
1912,278462.700031903
1913,152050.79187507962
1914,52262.6661626877
1915,243711.43004404462
1916,28288.82781505806
1917,276427.2174287386
1918,141967.57353195
1919,183179.8194435431
1920,177141.31577148347
1921,308366.736631947
1922,279521.30204890075
1923,241402.7994349833
1924,205098.26108489803
1925,246591.1677956303
1926,310168.7707770589
1927,121161.64802758943
1928,150479.11666733806
1929,119027.90525766893
1930,151751.55271903088
1931,138409.98518329032
1932,149207.65444153838
1933,161531.7273328671
1934,196536.76755780505
1935,187078.56793731928
1936,197720.26573110756
1937,203249.43611635535
1938,167090.49702210038
1939,261632.56202872598
1940,218603.1217564951
1941,200830.32505264354
1942,204362.1042040541
1943,221280.5558592031
1944,293356.4146013785
1945,309387.1336088177
1946,167017.37738064735
1947,277563.1061899875
1948,195803.8084579216
1949,234487.98157093755
1950,198582.89518829167
1951,241331.39301419642
1952,218487.9318724234
1953,161389.95995747286
1954,240491.50732633087
1955,149886.70445275435
1956,313116.01897660235
1957,182566.22501577262
1958,290753.40394417976
1959,167181.99574126594
1960,99584.36813434481
1961,112418.97619380255
1962,134332.26921204815
1963,140207.60550115432
1964,122865.23834949534
1965,164684.18331271328
1966,178112.03972654033
1967,257091.6705323275
1968,304220.9597871605
1969,313378.7662024355
1970,340823.394341705
1971,379260.472649987
1972,326859.8627585351
1973,280781.579853973
1974,292260.9025233196
1975,373953.0224349651
1976,265682.6017638844
1977,318070.55489206186
1978,318081.7023063294
1979,305249.5496410065
1980,218292.9166950815
1981,296205.7601191591
1982,232565.96421909763
1983,232565.96421909763
1984,224576.25262684457
1985,229163.35329663765
1986,239928.24078523985
1987,201621.14017984236
1988,197944.59178585873
1989,225676.5382361136
1990,235960.92355791072
1991,220744.56312903075
1992,238200.97474973055
1993,204122.02853963163
1994,254446.26423457253
1995,220403.28971996566
1996,278477.27388456196
1997,297995.6768624616
1998,283219.1732101458
1999,250946.53093498189
2000,311078.67095157935
2001,257607.71403128968
2002,235883.16335853108
2003,270751.05808163027
2004,274259.1378288887
2005,229676.7009205512
2006,223737.71666350297
2007,259421.15569236025
2008,205752.7820840309
2009,204544.92036524287
2010,228177.44589703286
2011,146270.30612711876
2012,191159.59910204762
2013,191011.79965309438
2014,197344.83060296287
2015,218834.34566734137
2016,201046.94164384704
2017,220441.9420273489
2018,101210.11443544982
2019,110789.44204357208
2020,97489.06600435858
2021,91748.76341772464
2022,176285.91600767768
2023,141333.77893340786
2024,250422.65714438877
2025,323627.4458404839
2026,211981.71171453747
2027,176712.3702355508
2028,209508.66847976565
2029,184425.6872405667
2030,262801.70382129506
2031,256003.95241098048
2032,249879.11140184698
2033,256923.01832279947
2034,192954.22791371972
2035,230115.84925997502
2036,230664.9920346659
2037,231920.55959953356
2038,332710.81092358765
2039,227698.3127427596
2040,344033.14217775164
2041,254411.70150207996
2042,229353.80066791142
2043,165963.4629596189
2044,180997.73660743877
2045,209671.19626020512
2046,157420.34515663527
2047,147632.39488736994
2048,125984.52676507353
2049,141745.80161862762
2050,203687.57880639646
2051,116041.11258247925
2052,124435.92345659982
2053,127035.22397199355
2054,84281.98354422313
2055,155767.1213147143
2056,143030.91520540172
2057,100167.52052973851
2058,215485.13118100807
2059,108406.49975687487
2060,160110.05058148212
2061,179517.3519926715
2062,108069.0800276309
2063,109446.9904978826
2064,131592.08480034966
2065,125636.68143852393
2066,189912.60311914457
2067,127886.94015269482
2068,154189.39214971045
2069,92255.51543330832
2070,109952.7945620945
2071,69346.17415226961
2072,156644.0654491858
2073,130090.96781127586
2074,192122.75600525516
2075,137265.5051097247
2076,127960.65364482591
2077,125828.65261267207
2078,107413.53602720669
2079,155400.70428756077
2080,138739.37071728043
2081,125672.44685704762
2082,114430.67528206308
2083,156823.20078162046
2084,109568.72494730132
2085,112940.68685703201
2086,158732.11901357712
2087,143009.03278493078
2088,109378.42852113524
2089,70620.45374062739
2090,129292.00291926193
2091,97593.66174949391
2092,149783.44953596906
2093,139074.42822305288
2094,124913.73758929421
2095,167443.33308377664
2096,86594.40126046457
2097,79232.72795841529
2098,156936.7151688506
2099,14441.68414633011
2100,31492.505765375798
2101,124988.24364993756
2102,169875.1171114958
2103,96946.82776503975
2104,178364.15335685026
2105,120216.34773425071
2106,28286.64081857179
2107,213928.61462850228
2108,118102.51762931107
2109,102761.16192079464
2110,116257.54820717301
2111,193502.70979224413
2112,133317.0491040732
2113,115377.71289915952
2114,133582.98622538417
2115,163686.63422485592
2116,115543.57188592793
2117,148716.51580918313
2118,146647.4443223459
2119,116614.77347949927
2120,105915.8143251416
2121,85919.76917491585
2122,98302.36076118413
2123,113070.42189525312
2124,195804.37776234385
2125,141013.06803378218
2126,145503.747066351
2127,156882.9032126913
2128,153321.16128774604
2129,130120.65581408155
2130,147917.19459996733
2131,183990.01062795578
2132,131674.26661874505
2133,141416.6425681879
2134,123547.41650833853
2135,119234.02381265431
2136,40620.12602861866
2137,107136.62445294659
2138,131428.71125746972
2139,155645.4664226704
2140,120032.83984034986
2141,166071.4164104628
2142,112261.94151568029
2143,144815.67202103802
2144,103330.22139307193
2145,121498.47807851329
2146,188881.30411292042
2147,151678.97264585446
2148,167208.99246811902
2149,146859.439772806
2150,216550.98827893578
2151,148298.75202342484
2152,140554.65575494582
2153,137606.65957970114
2154,94612.33899719303
2155,161770.2063622597
2156,260769.59470032703
2157,216161.5177516822
2158,247094.79641238705
2159,245256.74606945307
2160,202292.94025472563
2161,253865.3856939663
2162,316244.8495776629
2163,288794.6068798705
2164,242102.8954387362
2165,199130.58305611985
2166,141993.66746980383
2167,196472.2539197643
2168,203990.09362289833
2169,215221.95475010702
2170,228111.42900703324
2171,141079.79394291283
2172,131223.49748456466
2173,176823.82177755923
2174,253397.10552386136
2175,291438.5778232255
2176,263208.1768584071
2177,255248.11151999177
2178,247058.92858880467
2179,160851.09130276612
2180,237842.8320806896
2181,205426.48808462766
2182,235051.82893242047
2183,201766.5105527799
2184,111581.40083568858
2185,128602.80111857841
2186,156076.37552302738
2187,158585.63240841252
2188,179051.7582858546
2189,318622.3889218803
2190,85023.55250609468
2191,85718.73637069168
2192,57703.956305192434
2193,105625.50755042571
2194,101882.33272399416
2195,84424.80931428436
2196,96486.08422884054
2197,90670.04693522479
2198,182343.08978732268
2199,188157.1663031875
2200,143370.56534037984
2201,141157.03178078693
2202,203239.424273715
2203,132847.53555677657
2204,145883.52870253276
2205,107709.81963023182
2206,131920.64721562283
2207,220196.8067768173
2208,254709.41397870902
2209,184856.27177149255
2210,157366.23058394634
2211,126926.4557555184
2212,130638.06120417814
2213,87406.13006035623
2214,144841.93052488763
2215,102259.74690739054
2216,148313.50796304608
2217,25288.402499195072
2218,92953.31510113657
2219,78473.27852498472
2220,56805.96203397878
2221,243711.43004404462
2222,221760.0087638955
2223,264292.1002314702
2224,244076.80862454313
2225,163611.79382872686
2226,152047.92650465213
2227,212960.61237606208
2228,252608.33430782065
2229,248851.35115007672
2230,164588.402595261
2231,232024.43543274084
2232,188457.39654158393
2233,171104.40426939202
2234,228234.95474187878
2235,193866.41399450216
2236,247613.55924633273
2237,274510.97305181867
2238,240624.35294160305
2239,125853.94317460421
2240,167611.95487103018
2241,126853.07359037141
2242,126749.08695577702
2243,131853.23890824046
2244,102340.3973908244
2245,105308.5769226976
2246,128618.67338084255
2247,136498.34867104224
2248,118406.11632857763
2249,107125.16503733199
2250,129334.27339941205
2251,127847.61080778169
2252,190852.1482966483
2253,183525.07685060624
2254,201658.75967480952
2255,204035.9326180016
2256,209607.12349560123
2257,213035.2737634097
2258,187174.0033191695
2259,195981.7112071897
2260,163002.361688614
2261,210335.77945240738
2262,229589.9332300526
2263,310350.03730823693
2264,346043.9144333218
2265,192982.46072918864
2266,271146.2085584445
2267,308597.5402953954
2268,329400.870020545
2269,164859.7131891268
2270,211755.7539955146
2271,218379.90359619248
2272,221352.58445441315
2273,168435.55758059642
2274,178590.37516079645
2275,171944.72137795563
2276,188230.10716490855
2277,195761.7091576358
2278,159148.65462021588
2279,101455.02441349335
2280,106312.6553165383
2281,185326.2033849681
2282,189072.95310716436
2283,137764.60701003007
2284,129514.90345351247
2285,170835.44978329225
2286,109471.9353492359
2287,290738.0406822256
2288,262566.1431998579
2289,303251.3305709633
2290,345469.2678609282
2291,314747.5762210289
2292,339327.4734397043
2293,339459.8575830754
2294,341129.9242019978
2295,356343.05703250703
2296,280706.50080529565
2297,288604.95897578506
2298,290857.3950493381
2299,325221.48642548465
2300,304461.6795852558
2301,274130.471446701
2302,235369.7006920987
2303,247780.96687115228
2304,269665.69201833184
2305,196525.71554649423
2306,196527.38465541264
2307,192633.93221607653
2308,243864.2028732499
2309,267804.3652879306
2310,231489.76344921126
2311,212025.53497058863
2312,200894.7191222451
2313,194616.56332057726
2314,213257.65878853167
2315,194543.95872636663
2316,221002.12327260466
2317,183712.47094685573
2318,192004.16077058262
2319,212085.96914689324
2320,203380.68951915868
2321,260291.15446361655
2322,205859.03126204235
2323,204000.7993118941
2324,211573.72935591976
2325,215370.74769608362
2326,209961.80539318256
2327,230212.0288325291
2328,233255.68391915492
2329,203798.68385726342
2330,200695.27651458757
2331,299844.49864863476
2332,353860.2251528624
2333,304236.0970356966
2334,268898.44475622673
2335,265455.15488162346
2336,295952.5853449275
2337,207424.32099618448
2338,250329.587430901
2339,237623.06312650826
2340,341773.5090123409
2341,213830.37991307734
2342,235900.9159237797
2343,213150.08090489113
2344,256694.4924234898
2345,267555.53767958947
2346,221704.89298705047
2347,200997.4567406975
2348,254933.29285884078
2349,183193.76250350417
2350,276945.4438058381
2351,250429.31593007979
2352,267858.1183017191
2353,257660.6339304248
2354,137624.3131140779
2355,157493.3194744949
2356,147122.53374345938
2357,211566.9565388261
2358,208329.94015640032
2359,158517.95456533285
2360,112830.38783280563
2361,131786.86169274256
2362,271646.4595779731
2363,137407.90600932448
2364,172349.3368359242
2365,231589.61850411154
2366,215237.66856846667
2367,240208.10498973436
2368,206984.31710430759
2369,240601.49220890657
2370,181555.81852086924
2371,180128.67863426975
2372,194511.07262178988
2373,267760.2328197126
2374,284428.7112646367
2375,244164.67043047806
2376,261286.06509430415
2377,298291.7767084964
2378,162044.73462989635
2379,225735.74142944755
2380,152821.24264804798
2381,161364.04524697678
2382,220666.60629845003
2383,228694.7344174044
2384,251843.65474967624
2385,159883.9993670435
2386,129877.14063664095
2387,117826.23153889447
2388,148377.18275697075
2389,133114.39639820543
2390,148076.38486973883
2391,126461.51529120316
2392,108387.15240501624
2393,181012.22932406876
2394,141840.38423838012
2395,203978.37036629382
2396,155341.69430912298
2397,201484.613658636
2398,125609.73438484303
2399,12524.538647870882
2400,23400.336699574604
2401,115450.3820902718
2402,131387.2034845712
2403,163869.52932331094
2404,146158.14743499423
2405,155938.31474826753
2406,139312.33899224026
2407,108584.6625511836
2408,135807.31315659417
2409,114350.22231928806
2410,181778.45933680364
2411,109643.32333114895
2412,139688.25185433973
2413,113964.16814264853
2414,138333.15387242858
2415,144728.4754452986
2416,150035.15084210772
2417,136464.5422725341
2418,114358.908588722
2419,97957.0623294086
2420,95188.574171638
2421,127214.58172327385
2422,112985.56690934056
2423,87248.80678124342
2424,157582.09368179308
2425,246373.02053252573
2426,134872.7791678639
2427,115938.22001288005
2428,175120.6042801038
2429,108533.42421294551
2430,129596.09480308287
2431,101124.79701291898
2432,118685.36030574248
2433,119626.82037655485
2434,119210.57593422139
2435,127363.03349092265
2436,109222.70284019585
2437,105971.59920239507
2438,100937.89571658184
2439,118193.74394232885
2440,142634.71033552906
2441,88678.25899943768
2442,92536.29198356706
2443,138100.1698614905
2444,129210.3790183583
2445,65674.43485267728
2446,124725.57491921575
2447,228700.04567694885
2448,149392.23052545812
2449,115162.49655227654
2450,169876.698811422
2451,117886.31207564299
2452,233491.57279382984
2453,94402.71783636126
2454,140130.66557482223
2455,125171.90363403887
2456,130102.81022320024
2457,119166.44967472425
2458,130702.7958242317
2459,105316.62883373362
2460,148574.5449882535
2461,118848.65103975253
2462,123955.512271569
2463,133323.9906373293
2464,189761.55231337494
2465,155408.94059724512
2466,109269.99341349455
2467,166571.0360828616
2468,78877.04800627509
2469,84612.03532183834
2470,208392.8458079846
2471,213354.6577671311
2472,188489.9803343896
2473,112194.86827865231
2474,62193.71010482276
2475,247479.75455923995
2476,119582.38699584769
2477,106930.83462995349
2478,160783.20636861364
2479,88341.38553216134
2480,140395.20189298026
2481,105027.60266379674
2482,133127.96657062636
2483,98087.0177347305
2484,126405.83962957875
2485,113012.18485212268
2486,128446.86288365291
2487,199784.3151916092
2488,182007.651217254
2489,154695.24138199852
2490,123375.893705994
2491,98976.16371073865
2492,184670.66479650687
2493,149304.29854649922
2494,161903.49594357365
2495,103535.43074106367
2496,221983.75109259493
2497,164750.8464607679
2498,90549.77739460964
2499,76794.42538786016
2500,127832.27916334488
2501,115465.44582238898
2502,125235.20750744513
2503,73551.11276176258
2504,201811.4032441351
2505,235493.18474369764
2506,255878.41663903638
2507,288756.4268217088
2508,256760.54070251656
2509,230430.22951859224
2510,232247.6062256588
2511,205872.82449668564
2512,229520.8442881169
2513,227119.04306499742
2514,279806.31620137196
2515,138300.19217890303
2516,179891.567958034
2517,127124.86281463935
2518,131951.66266347037
2519,232509.66501217906
2520,226125.2163358772
2521,221479.19309121778
2522,229480.42084756924
2523,115821.69217514514
2524,125052.28228685458
2525,137845.38973857008
2526,123664.04465736763
2527,101865.4684583674
2528,119828.13844429178
2529,109212.44509514363
2530,108095.11107946967
2531,221485.84507007792
2532,236262.1069297524
2533,223143.4178085468
2534,234531.45020654856
2535,276745.20587787393
2536,241894.23615901254
2537,245333.20909530937
2538,210447.5404340321
2539,199321.96217421477
2540,178005.46569871425
2541,211012.95633858012
2542,170086.84478459146
2543,109172.56463523221
2544,114654.9289713417
2545,135434.7686651129
2546,162296.53106810676
2547,153976.57743546052
2548,196059.51277993585
2549,160946.06334489107
2550,565141.0232098118
2551,167875.12400413456
2552,116219.42382505198
2553,73372.82656296797
2554,93061.66526024824
2555,121063.25352794479
2556,71548.53914258757
2557,81581.76496310497
2558,154488.85649240448
2559,109208.3233732275
2560,150332.78910773352
2561,157817.8049867208
2562,142943.11149964167
2563,150388.71923684014
2564,187792.78198347695
2565,143930.68731521757
2566,107937.34245305683
2567,122414.36722532508
2568,177219.8402207062
2569,188980.68266448926
2570,158062.5349129791
2571,151167.18455801706
2572,206211.78493064374
2573,216294.10871167702
2574,312802.9182166102
2575,149565.4740686271
2576,117688.3966752683
2578,89508.95240975555
2579,35601.97345315141
2580,117583.2876092695
2581,102144.97417366703
2582,118846.1236080929
2583,243287.5767494432
2584,181013.92802096636
2585,173776.13514986227
2586,223041.64735327673
2587,200401.30379188142
2588,144462.0135731377
2589,159128.74445637793
2590,210381.77760199585
2591,229101.72861901217
2592,221882.01956575585
2593,244162.214322921
2594,195755.09504476737
2595,222293.12350629538
2596,279888.4235415937
2597,184327.25157648802
2598,255031.08796856378
2599,311341.12046182423
2600,210916.4217745507
2601,175827.58921399305
2602,76598.56116700906
2603,85327.67090308748
2604,74225.68622221204
2605,75727.67471075465
2606,143060.97763831902
2607,177150.38205590344
2608,190986.32412254543
2609,161140.67301814596
2610,100821.60596894345
2611,121190.73760713206
2612,141542.5567088892
2613,122691.55347708275
2614,110781.34734041255
2615,165514.82741435117
2616,142418.83401361934
2617,184724.6991703551
2618,212105.18695409677
2619,229926.732561438
2620,188384.0962385285
2621,203187.12916054053
2622,207234.3028651852
2623,259806.17039626616
2624,281198.5612479249
2625,297551.08030418016
2626,171199.17567156942
2627,210475.08635199827
2628,364695.92639691045
2629,394550.7316344046
2630,330124.96750051004
2631,367055.59663907357
2632,348876.00942470727
2633,279891.9478275302
2634,309725.7544648758
2635,170313.47326950484
2636,212782.4111279348
2637,180927.871175147
2638,265793.1790352758
2639,210756.0161128895
2640,157584.10780096927
2641,86187.83699568512
2642,191564.1214211682
2643,145804.91423355264
2644,150516.87176358898
2645,139494.88844506128
2646,131512.18656858837
2647,130649.75744883332
2648,152707.3826943814
2649,143350.3178239629
2650,169838.79185885808
2651,168348.48121365777
2652,339878.9712953541
2653,270137.8882995496
2654,235840.5294764709
2655,307801.5539031412
2656,311436.43835590535
2657,293859.3522504916
2658,285646.0362249088
2659,299769.3990313754
2660,298237.98022117896
2661,299362.5679905565
2662,302091.8722223701
2663,281987.335144139
2664,265476.2080015576
2665,301005.0545350368
2666,272388.7685681564
2667,195917.67368573358
2668,218898.5842822265
2669,183736.77297619043
2670,296393.0565029961
2671,217927.16289160133
2672,210710.10482790845
2673,214379.35948373133
2674,223764.23376810725
2675,196884.3869972363
2676,220327.83491820737
2677,221089.06050890137
2678,271332.88666797045
2679,273313.95519499097
2680,289620.15441795613
2681,340398.9719058996
2682,310560.39323518064
2683,388312.80422841327
2684,296382.1450989387
2685,325561.8586503869
2686,267417.5093135667
2687,272835.87461067026
2688,236099.79082151048
2689,227101.27805757045
2690,352151.90361803945
2691,205260.40794368146
2692,136799.47267513175
2693,205884.89028600825
2694,143639.5931340627
2695,226378.14606207458
2696,217157.14636622288
2697,208538.06852362526
2698,200648.5052777127
2699,184360.23820909217
2700,174026.7558872722
2701,173716.8419185077
2702,111580.19780098961
2703,190951.24813477823
2704,149920.90323611035
2705,102360.3303803954
2706,104813.44986726448
2707,129765.06885646086
2708,114064.85370378767
2709,91957.28979894717
2710,109563.40778238571
2711,267946.0718500578
2712,328428.05298899615
2713,206044.30969582533
2714,194854.82132664567
2715,190448.41118939535
2716,186916.53261785058
2717,203728.82640936843
2718,231308.0119061229
2719,156757.9003812397
2720,191476.29567488318
2721,126879.16703413834
2722,159594.20133816416
2723,161341.60998996568
2724,109152.86564033187
2725,112269.708915786
2726,130383.12123761338
2727,177471.66327376303
2728,181265.3121180028
2729,144691.52448288386
2730,134363.80211549334
2731,126919.57581767521
2732,124333.0397925874
2733,155530.84537780972
2734,159312.08367526613
2735,117719.58629912685
2736,153428.11633779702
2737,115302.2970358337
2738,151258.4297748498
2739,159512.06504493102
2740,164158.33997728804
2741,125454.65623694111
2742,168614.91637324507
2743,132848.7568144364
2744,138607.72665181512
2745,143864.32322809694
2746,118000.22143635282
2747,186383.54420619586
2748,137430.689755794
2749,118227.83250715013
2750,116591.11401785666
2751,112309.64891890704
2752,240017.62340386806
2753,156531.1087998225
2754,209857.8657157967
2755,157005.50225952
2756,59985.80696671887
2757,42215.17752736888
2758,75770.08843249117
2759,171072.1953203812
2760,103567.10166525666
2761,137179.59489062068
2762,139775.91570762906
2763,194158.6297925146
2764,199518.73990124196
2765,283086.0879729419
2766,120396.08965564298
2767,82195.90579060686
2768,118297.09765146452
2769,107256.31169206707
2770,168623.3114388705
2771,99979.66741963371
2772,92693.88004461594
2773,148689.24194468895
2774,144029.4710414958
2775,102566.00482665689
2776,155048.1926249127
2777,154775.30067131703
2778,153362.28880945698
2779,126000.07189260505
2780,116356.56622223614
2781,95881.91415329266
2782,77876.31427112955
2783,72603.63908560749
2784,119024.51690575399
2785,121174.79536436743
2786,28089.214132213383
2787,136973.55448179983
2788,34050.7541113788
2789,187331.42684621003
2790,113242.13686709979
2791,111242.25073152769
2792,21461.97723839141
2793,191569.2137007456
2794,55013.909959371085
2795,120799.00715608883
2796,83629.12674527394
2797,228375.1920332146
2798,107362.72087143885
2799,117348.85936068732
2800,57297.06384473096
2801,111084.08083855908
2802,130355.28555041517
2803,190137.71861617255
2804,164173.2993650412
2805,116432.8341433556
2806,74606.61128245632
2807,172701.89008389378
2808,132801.06925428368
2809,141954.54645619018
2810,116306.27840051556
2811,151716.10502503498
2812,153613.55147765612
2813,152533.30274564528
2814,150266.19276233774
2815,95018.10331525223
2816,238529.60207042808
2817,146604.64456614514
2818,131763.13572772208
2819,204624.70815717697
2820,114196.95290486643
2821,100544.70723237272
2822,210119.87889865937
2823,289708.4995664429
2824,152922.15124542837
2825,153272.6622846598
2826,123261.69411064533
2827,134247.837894461
2828,238372.18197391217
2829,245139.5295618527
2830,249537.16478541505
2831,202371.21113073092
2832,216107.32502270362
2833,262785.5443202836
2834,234792.03861846693
2835,218699.04765759117
2836,214580.7344387119
2837,166575.76944058936
2838,146083.50471811008
2839,186163.3492545212
2840,197369.9106510399
2841,223803.9471832976
2842,229064.35435704037
2843,159739.9866106991
2844,183128.38535261445
2845,114012.10391925008
2846,223553.1706062256
2847,203986.05869926827
2848,242691.2340340101
2849,224907.4171614471
2850,289833.5447326774
2851,244078.2331509114
2852,253133.9147195191
2853,228737.48057857284
2854,163412.40043318702
2855,203907.4137918529
2856,225928.0030329359
2857,214713.1165288986
2858,198581.61458115827
2859,103542.30203931138
2860,97512.82294171758
2861,126616.62466802809
2862,225743.354596011
2863,130041.54586618522
2864,267314.030006969
2865,167875.12400413456
2866,218420.3897896671
2867,80064.81432195159
2868,124484.8782324366
2869,100909.37642371177
2870,121439.63566904899
2871,73821.62719360797
2872,-4364.0897074731765
2873,85356.48592430039
2874,126440.19125272462
2875,140049.40285422246
2876,172274.77160214062
2877,149104.74896437523
2878,170174.4817923006
2879,121180.77090118744
2880,89556.53185871674
2881,149462.33723455633
2882,159747.60130889958
2883,183701.69955560018
2884,214244.91356167162
2885,192219.34934314282
2886,190299.42340227577
2887,105670.82241299411
2888,146914.2989629748
2889,30708.87961684272
2890,53742.564811271965
2891,146220.25788458495
2892,35971.45944596885
2893,106938.27795434615
2894,34019.06934572861
2895,252097.18878744717
2896,242126.07470014796
2897,200572.04193319532
2898,183200.34885695355
2899,228766.351966577
2900,163374.44731807348
2901,220072.3007483912
2902,187716.89763648843
2903,279125.7475053099
2904,293510.47938832163
2905,57773.87081664393
2906,240456.942739596
2907,125401.28702051274
2908,108149.95397459052
2909,168797.51866039925
2910,65526.40649133653
2911,76581.87007782294
2912,137125.8270177642
2913,81834.52879027638
2914,68063.16324909136
2915,80782.118900122
2916,85177.9153990763
2917,140707.1676421879
2918,102733.53043877508
2919,255228.41485070076
